Country Name,Country Code,Indicator Name,Indicator Code,2015,2016,2017,2018,2019,,Mean
Monaco,MCO,GDP per capita (current US$),NY.GDP.PCAP.CD,165989.5051,170028.6557,167517.0597,185978.6093,189487.1471,,175800.1954
Liechtenstein,LIE,GDP per capita (current US$),NY.GDP.PCAP.CD,167313.2663,165642.3863,171253.9643,176499.4026,169049.1569,,169951.6352
Luxembourg,LUX,GDP per capita (current US$),NY.GDP.PCAP.CD,105462.0126,106899.2935,110193.2138,117254.7404,113218.7133,,110605.5947
Bermuda,BMU,GDP per capita (current US$),NY.GDP.PCAP.CD,102005.6256,106885.8785,111820.5815,113050.7369,116153.1661,,109983.1977
Isle of Man,IMN,GDP per capita (current US$),NY.GDP.PCAP.CD,85126.97047,82197.12677,83477.83429,89112.66772,86481.55259,,85279.23037
Switzerland,CHE,GDP per capita (current US$),NY.GDP.PCAP.CD,84776.14217,83073.28008,83352.08865,86388.40495,85334.51946,,84584.88706
Cayman Islands,CYM,GDP per capita (current US$),NY.GDP.PCAP.CD,76284.1943,78471.62814,81513.16283,86180.53969,91513.04267,,82792.51353
"Macao SAR, China",MAC,GDP per capita (current US$),NY.GDP.PCAP.CD,74818.94813,73545.75824,81019.47377,87526.07999,86197.36569,,80621.52516
Norway,NOR,GDP per capita (current US$),NY.GDP.PCAP.CD,74355.51586,70460.56053,75496.75406,82267.80932,75719.7529,,75660.07853
Ireland,IRL,GDP per capita (current US$),NY.GDP.PCAP.CD,62012.48493,62861.63912,69774.02897,79107.60499,80886.61574,,70928.47475
Iceland,ISL,GDP per capita (current US$),NY.GDP.PCAP.CD,52951.68151,61987.92636,72010.14903,74469.80406,68941.46223,,66072.20464
Qatar,QAT,GDP per capita (current US$),NY.GDP.PCAP.CD,63039.11263,57162.96801,59124.86727,65907.94843,62087.97413,,61464.57409
Singapore,SGP,GDP per capita (current US$),NY.GDP.PCAP.CD,55646.61875,56860.41324,61150.7272,66859.33834,65831.18943,,61269.65739
Faroe Islands,FRO,GDP per capita (current US$),NY.GDP.PCAP.CD,53310.26201,58224.80551,61455.05261,65572.60753,67153.68194,,61143.28192
United States,USA,GDP per capita (current US$),NY.GDP.PCAP.CD,56762.72945,57866.74493,59914.7778,62805.25376,65094.79943,,60488.86107
North America,NAC,GDP per capita (current US$),NY.GDP.PCAP.CD,55452.42138,56312.43488,58430.1986,61158.56356,63175.74013,,58905.87171
Denmark,DNK,GDP per capita (current US$),NY.GDP.PCAP.CD,53254.85637,54663.99837,57610.09818,61591.92887,59775.7351,,57379.32338
Australia,AUS,GDP per capita (current US$),NY.GDP.PCAP.CD,56707.02208,49881.76371,53934.25018,57180.7794,54875.28596,,54515.82026
Sweden,SWE,GDP per capita (current US$),NY.GDP.PCAP.CD,51545.48361,51965.15715,53791.50873,54589.06039,51939.42974,,52766.12792
Greenland,GRL,GDP per capita (current US$),NY.GDP.PCAP.CD,44536.40131,48181.87419,50766.59942,54545.29998,53256.24409,,50257.2838
Netherlands,NLD,GDP per capita (current US$),NY.GDP.PCAP.CD,45193.40322,46039.10593,48675.22234,53044.53244,52476.27325,,49085.70743
Austria,AUT,GDP per capita (current US$),NY.GDP.PCAP.CD,44195.81759,45307.58786,47429.15846,51486.5755,50114.40111,,47706.7081
Finland,FIN,GDP per capita (current US$),NY.GDP.PCAP.CD,42801.90812,43814.02651,46412.13648,49988.91085,48628.64176,,46329.12474
"Hong Kong SAR, China",HKG,GDP per capita (current US$),NY.GDP.PCAP.CD,42431.88828,43733.91636,46160.42979,48537.56689,48356.0635,,45843.97297
San Marino,SMR,GDP per capita (current US$),NY.GDP.PCAP.CD,42662.90241,43828.23155,45399.02898,48996.59299,47727.13489,,45722.77816
Canada,CAN,GDP per capita (current US$),NY.GDP.PCAP.CD,43596.13554,42315.60371,45129.4293,46548.63841,46328.67184,,44783.69576
Germany,DEU,GDP per capita (current US$),NY.GDP.PCAP.CD,41103.25644,42136.12079,44652.58917,47973.60762,46794.89929,,44532.09466
Belgium,BEL,GDP per capita (current US$),NY.GDP.PCAP.CD,41008.29672,42012.62272,44198.48239,47549.20805,46599.11134,,44273.54424
Post-demographic dividend,PST,GDP per capita (current US$),NY.GDP.PCAP.CD,40669.04208,41401.37787,42995.85935,45413.55092,45728.10123,,43241.58629
United Kingdom,GBR,GDP per capita (current US$),NY.GDP.PCAP.CD,45404.56777,41499.5557,40857.75558,43646.95197,43070.49836,,42895.86588
High income,HIC,GDP per capita (current US$),NY.GDP.PCAP.CD,39847.26178,40475.17746,42118.2044,44571.43358,44774.77502,,42357.37045
New Zealand,NZL,GDP per capita (current US$),NY.GDP.PCAP.CD,38630.72659,40058.19616,42924.9956,43250.44097,42865.23364,,41545.91859
United Arab Emirates,ARE,GDP per capita (current US$),NY.GDP.PCAP.CD,38663.38826,38141.87689,40644.79119,43839.32449,42701.44305,,40798.16477
Israel,ISR,GDP per capita (current US$),NY.GDP.PCAP.CD,35808.43643,37330.2618,40774.12961,42063.45313,43951.24773,,39985.50574
Andorra,AND,GDP per capita (current US$),NY.GDP.PCAP.CD,35770.91865,37474.74584,38964.66201,41793.31884,40898.41791,,38980.41265
France,FRA,GDP per capita (current US$),NY.GDP.PCAP.CD,36652.92231,37062.53357,38781.04949,41592.7959,40578.64429,,38933.58911
Japan,JPN,GDP per capita (current US$),NY.GDP.PCAP.CD,34960.63938,39375.47316,38834.05293,39727.1166,40458.00188,,38671.05679
OECD members,OED,GDP per capita (current US$),NY.GDP.PCAP.CD,35590.73172,36037.76772,37377.57018,39306.7924,39478.31197,,37558.2348
Euro area,EMU,GDP per capita (current US$),NY.GDP.PCAP.CD,34388.28378,35163.47243,37154.48194,40059.18248,39195.77483,,37192.23909
Guam,GUM,GDP per capita (current US$),NY.GDP.PCAP.CD,35829.25036,36214.00692,36601.91988,36556.67491,38040.58699,,36648.48781
Virgin Islands (U.S.),VIR,GDP per capita (current US$),NY.GDP.PCAP.CD,34007.35294,35324.97489,35365.0693,36653.86305,38596.03071,,35989.45818
New Caledonia,NCL,GDP per capita (current US$),NY.GDP.PCAP.CD,32520.30457,32391.20197,33976.54853,36382.49553,34788.54031,,34011.81818
European Union,EUU,GDP per capita (current US$),NY.GDP.PCAP.CD,30485.02881,31186.51062,33094.40835,35753.36685,35089.28279,,33121.71948
"Bahamas, The",BHS,GDP per capita (current US$),NY.GDP.PCAP.CD,31699.35863,31314.84456,32371.00818,33077.39183,33872.33431,,32466.9875
Italy,ITA,GDP per capita (current US$),NY.GDP.PCAP.CD,30242.38614,30960.73151,32406.72032,34622.16967,33673.47545,,32381.09661
Puerto Rico,PRI,GDP per capita (current US$),NY.GDP.PCAP.CD,29763.4883,30627.1634,31108.76057,31604.70151,32850.54861,,31190.93248
"Korea, Rep.",KOR,GDP per capita (current US$),NY.GDP.PCAP.CD,28732.23108,29288.87044,31616.8434,33436.92306,31902.4169,,30995.45698
Kuwait,KWT,GDP per capita (current US$),NY.GDP.PCAP.CD,29869.55275,27653.15762,29759.46747,33399.06048,32373.25111,,30610.89789
Sint Maarten (Dutch part),SXM,GDP per capita (current US$),NY.GDP.PCAP.CD,32274.89055,31616.6817,29369.05683,28988.25921,,,30562.22207
Brunei Darussalam,BRN,GDP per capita (current US$),NY.GDP.PCAP.CD,31164.03625,27158.40565,28571.60829,31628.47626,31085.96193,,29921.69768
Aruba,ABW,GDP per capita (current US$),NY.GDP.PCAP.CD,28399.05013,28453.71556,29348.41897,30253.71423,31135.88436,,29518.15665
Turks and Caicos Islands,TCA,GDP per capita (current US$),NY.GDP.PCAP.CD,26183.88504,28241.47929,27545.12879,29553.1367,31350.86663,,28574.89929
Malta,MLT,GDP per capita (current US$),NY.GDP.PCAP.CD,24921.60368,25624.53727,28857.01987,31573.11656,31185.64962,,28432.3854
Spain,ESP,GDP per capita (current US$),NY.GDP.PCAP.CD,25742.36883,26523.34822,28170.16786,30364.57994,29554.49052,,28070.99108
Cyprus,CYP,GDP per capita (current US$),NY.GDP.PCAP.CD,23408.33594,24605.91992,26608.875,29334.11133,29206.07617,,26632.66367
Europe & Central Asia,ECS,GDP per capita (current US$),NY.GDP.PCAP.CD,22624.91539,22455.14736,23704.3284,25297.67986,24914.60337,,23799.33488
Slovenia,SVN,GDP per capita (current US$),NY.GDP.PCAP.CD,20890.16643,21678.35947,23514.02546,26116.85636,25942.95477,,23628.4725
Bahrain,BHR,GDP per capita (current US$),NY.GDP.PCAP.CD,22634.08565,22608.45256,23742.93734,24086.30169,23552.37995,,23324.83144
Northern Mariana Islands,MNP,GDP per capita (current US$),NY.GDP.PCAP.CD,16314.38355,21891.18479,27584.74351,22886.67405,20659.64029,,21867.32524
Saudi Arabia,SAU,GDP per capita (current US$),NY.GDP.PCAP.CD,20627.92178,19878.76817,20802.46179,24228.83904,23450.56202,,21797.71056
Portugal,PRT,GDP per capita (current US$),NY.GDP.PCAP.CD,19250.10654,19991.97249,21490.42986,23562.55452,23330.81729,,21525.17614
French Polynesia,PYF,GDP per capita (current US$),NY.GDP.PCAP.CD,19500.10086,20020.09386,21127.06433,22094.75746,21512.2733,,20850.85796
Czech Republic,CZE,GDP per capita (current US$),NY.GDP.PCAP.CD,17829.69832,18575.23203,20636.19995,23419.73561,23660.14881,,20824.20294
Estonia,EST,GDP per capita (current US$),NY.GDP.PCAP.CD,17402.03761,18295.34293,20437.76538,23063.56382,23397.87826,,20519.3176
St. Kitts and Nevis,KNA,GDP per capita (current US$),NY.GDP.PCAP.CD,18717.42876,19542.16228,20382.77987,20567.25826,22047.88303,,20251.50244
Curacao,CUW,GDP per capita (current US$),NY.GDP.PCAP.CD,19260.26985,18881.83062,18788.80728,18956.09791,19024.17723,,18982.23658
Greece,GRC,GDP per capita (current US$),NY.GDP.PCAP.CD,18083.87791,17923.96681,18582.08934,19756.99046,19133.75776,,18696.13646
Oman,OMN,GDP per capita (current US$),NY.GDP.PCAP.CD,18444.927,16772.73921,17329.18546,18947.3665,17700.70349,,17838.98433
Slovak Republic,SVK,GDP per capita (current US$),NY.GDP.PCAP.CD,16342.21626,16512.29299,17538.04858,19389.98216,19303.54566,,17817.21713
Uruguay,URY,GDP per capita (current US$),NY.GDP.PCAP.CD,15613.74597,16715.63347,18690.89384,18703.86029,17688.01501,,17482.42972
Barbados,BRB,GDP per capita (current US$),NY.GDP.PCAP.CD,16558.86478,16909.88655,17404.20747,17782.87473,18480.05659,,17427.17803
Trinidad and Tobago,TTO,GDP per capita (current US$),NY.GDP.PCAP.CD,18383.5387,16241.41096,16747.9067,17139.18567,17123.11629,,17127.03166
Lithuania,LTU,GDP per capita (current US$),NY.GDP.PCAP.CD,14263.96458,15008.31324,16885.40739,19186.18128,19575.76848,,16983.927
Seychelles,SYC,GDP per capita (current US$),NY.GDP.PCAP.CD,15157.50183,15740.11063,16416.72607,16910.66792,17252.02078,,16295.40545
Palau,PLW,GDP per capita (current US$),NY.GDP.PCAP.CD,15876.46193,16835.986,16019.98989,15895.2599,15232.48708,,15972.03696
Latvia,LVA,GDP per capita (current US$),NY.GDP.PCAP.CD,13786.4568,14331.75159,15695.11515,17865.03109,17926.84159,,15921.03924
Antigua and Barbuda,ATG,GDP per capita (current US$),NY.GDP.PCAP.CD,14285.32978,15198.74297,15383.5764,16679.59166,17376.64968,,15784.7781
Panama,PAN,GDP per capita (current US$),NY.GDP.PCAP.CD,13630.30115,14343.98026,15146.40851,15544.99908,15774.25495,,14887.98879
Hungary,HUN,GDP per capita (current US$),NY.GDP.PCAP.CD,12720.71202,13107.37791,14623.69665,16427.37276,16735.65978,,14722.96383
Chile,CHL,GDP per capita (current US$),NY.GDP.PCAP.CD,13495.01061,13690.90746,14962.55685,15772.33348,14699.46278,,14524.05424
Central Europe and the Baltics,CEB,GDP per capita (current US$),NY.GDP.PCAP.CD,12522.66106,12831.40994,14254.7381,16047.2797,16346.56181,,14400.53012
Poland,POL,GDP per capita (current US$),NY.GDP.PCAP.CD,12578.49547,12447.43959,13864.68176,15468.48222,15732.20313,,14018.26043
Croatia,HRV,GDP per capita (current US$),NY.GDP.PCAP.CD,11933.37738,12527.73986,13629.28959,15227.5601,15311.7669,,13725.94677
Other small states,OSS,GDP per capita (current US$),NY.GDP.PCAP.CD,12780.72639,12385.43331,13215.42974,14368.92697,13799.29553,,13309.96239
Argentina,ARG,GDP per capita (current US$),NY.GDP.PCAP.CD,13789.06042,12790.24247,14613.04182,11795.15939,10076.35524,,12612.77187
Costa Rica,CRI,GDP per capita (current US$),NY.GDP.PCAP.CD,11642.77805,12011.22275,12225.57449,12485.4239,12762.13801,,12225.42744
Small states,SST,GDP per capita (current US$),NY.GDP.PCAP.CD,11746.83968,11348.57057,12064.64049,13015.08585,12615.13255,,12158.05383
American Samoa,ASM,GDP per capita (current US$),NY.GDP.PCAP.CD,12059.63516,12038.2497,11003.82976,11521.60978,11715.36014,,11667.73691
Romania,ROU,GDP per capita (current US$),NY.GDP.PCAP.CD,8969.148921,9548.587403,10807.00917,12398.98198,12899.34611,,10924.61472
St. Lucia,LCA,GDP per capita (current US$),NY.GDP.PCAP.CD,10093.61802,10362.35158,11034.62983,11353.71523,11591.08044,,10887.07902
World,WLD,GDP per capita (current US$),NY.GDP.PCAP.CD,10231.70259,10286.41133,10825.90237,11366.07367,11407.47933,,10823.51386
Malaysia,MYS,GDP per capita (current US$),NY.GDP.PCAP.CD,9955.242722,9817.78709,10259.30481,11380.07922,11432.82603,,10569.04797
East Asia & Pacific,EAS,GDP per capita (current US$),NY.GDP.PCAP.CD,9599.414082,9867.865824,10466.42427,11324.00488,11494.09153,,10550.36012
Mauritius,MUS,GDP per capita (current US$),NY.GDP.PCAP.CD,9260.447303,9681.618567,10484.90836,11208.34382,11097.16898,,10346.49741
Russian Federation,RUS,GDP per capita (current US$),NY.GDP.PCAP.CD,9313.013672,8704.898438,10720.33301,11287.36035,11536.25098,,10312.37129
Turkiye,TUR,GDP per capita (current US$),NY.GDP.PCAP.CD,11006.27952,10894.60338,10589.66772,9454.348443,9121.515167,,10213.28285
Nauru,NRU,GDP per capita (current US$),NY.GDP.PCAP.CD,8341.012278,9521.042101,10339.38548,11614.66508,11029.73558,,10169.1681
Caribbean small states,CSS,GDP per capita (current US$),NY.GDP.PCAP.CD,10181.80616,9557.667766,9915.744684,10250.29173,10406.67071,,10062.43621
Grenada,GRD,GDP per capita (current US$),NY.GDP.PCAP.CD,9096.538652,9628.259169,10152.83281,10466.88221,10834.49568,,10035.8017
Maldives,MDV,GDP per capita (current US$),NY.GDP.PCAP.CD,9033.41027,9209.443564,9577.346946,10279.07998,10561.61351,,9732.178853
Equatorial Guinea,GNQ,GDP per capita (current US$),NY.GDP.PCAP.CD,11283.39802,9250.316728,9667.856962,10005.61604,8380.741122,,9717.585774
Mexico,MEX,GDP per capita (current US$),NY.GDP.PCAP.CD,9616.645558,8744.515559,9287.849587,9686.984927,9950.217622,,9457.242651
Libya,LBY,GDP per capita (current US$),NY.GDP.PCAP.CD,7590.442981,7687.882134,10205.32483,11482.13364,10218.04303,,9436.765322
Kazakhstan,KAZ,GDP per capita (current US$),NY.GDP.PCAP.CD,10510.77189,7714.841844,9247.581331,9812.626371,9812.595808,,9419.683449
Brazil,BRA,GDP per capita (current US$),NY.GDP.PCAP.CD,8813.989806,8710.06329,9928.675897,9151.381732,8876.059836,,9096.034112
Late-demographic dividend,LTE,GDP per capita (current US$),NY.GDP.PCAP.CD,8208.051873,8179.070874,9018.161029,9832.141379,9974.505915,,9042.386214
China,CHN,GDP per capita (current US$),NY.GDP.PCAP.CD,8016.431435,8094.363367,8816.986905,9905.342004,10143.8382,,8995.392381
Upper middle income,UMC,GDP per capita (current US$),NY.GDP.PCAP.CD,8149.75184,8041.062324,8834.526226,9448.634854,9548.200238,,8804.435096
Latin America & Caribbean,LCN,GDP per capita (current US$),NY.GDP.PCAP.CD,8629.009605,8350.020625,9188.579683,8902.399152,8699.460717,,8753.893957
Latin America & the Caribbean (IDA & IBRD countries),TLA,GDP per capita (current US$),NY.GDP.PCAP.CD,8480.625831,8185.147519,9037.781171,8740.515234,8519.254425,,8592.664836
Bulgaria,BGR,GDP per capita (current US$),NY.GDP.PCAP.CD,7074.681023,7569.478815,8366.293221,9446.700772,9879.268533,,8467.284473
Cuba,CUB,GDP per capita (current US$),NY.GDP.PCAP.CD,7694.014637,8060.796598,8541.213686,8824.194008,9125.878679,,8449.219522
Europe & Central Asia (IDA & IBRD countries),TEC,GDP per capita (current US$),NY.GDP.PCAP.CD,8019.897882,7677.406606,8562.533645,8876.157251,9026.080646,,8432.415206
Latin America & Caribbean (excluding high income),LAC,GDP per capita (current US$),NY.GDP.PCAP.CD,8203.003864,7885.57463,8699.475686,8357.124704,8165.360565,,8262.10789
Dominica,DMA,GDP per capita (current US$),NY.GDP.PCAP.CD,7597.288894,8080.968623,7298.51458,7745.376963,8516.280039,,7847.68582
Montenegro,MNE,GDP per capita (current US$),NY.GDP.PCAP.CD,6517.189614,7033.438006,7803.362579,8850.378404,8909.890151,,7822.851751
St. Vincent and the Grenadines,VCT,GDP per capita (current US$),NY.GDP.PCAP.CD,7207.170759,7438.792212,7717.846546,8024.028496,8229.722486,,7723.5121
Europe & Central Asia (excluding high income),ECA,GDP per capita (current US$),NY.GDP.PCAP.CD,7485.826926,7070.965425,7889.016899,8008.257108,8136.751834,,7718.163639
Lebanon,LBN,GDP per capita (current US$),NY.GDP.PCAP.CD,7643.008718,7617.689634,7776.034642,8003.827612,7527.44306,,7713.600733
Dominican Republic,DOM,GDP per capita (current US$),NY.GDP.PCAP.CD,6921.520594,7280.88361,7609.353275,8050.644076,8282.117131,,7628.903737
Middle East & North Africa,MEA,GDP per capita (current US$),NY.GDP.PCAP.CD,7375.464756,7307.448457,7469.549834,7704.420769,7587.355596,,7488.847882
Gabon,GAB,GDP per capita (current US$),NY.GDP.PCAP.CD,7384.700704,6984.419712,7230.434912,7959.007267,7766.996554,,7465.11183
East Asia & Pacific (IDA & IBRD countries),TEA,GDP per capita (current US$),NY.GDP.PCAP.CD,6583.953456,6674.255578,7238.969962,8042.948352,8268.375718,,7361.700613
East Asia & Pacific (excluding high income),EAP,GDP per capita (current US$),NY.GDP.PCAP.CD,6511.258118,6600.764194,7159.45138,7954.762525,8177.838,,7280.814843
Botswana,BWA,GDP per capita (current US$),NY.GDP.PCAP.CD,6402.910183,6982.917492,7296.092142,7503.878588,7247.429476,,7086.645576
Suriname,SUR,GDP per capita (current US$),NY.GDP.PCAP.CD,9168.237157,5872.789429,6295.560562,6938.086981,6853.693411,,7025.673508
Turkmenistan,TKM,GDP per capita (current US$),NY.GDP.PCAP.CD,6432.685325,6387.682575,6587.092604,6967.375043,7612.03518,,6797.374146
Thailand,THA,GDP per capita (current US$),NY.GDP.PCAP.CD,5840.053067,5993.305516,6593.818352,7298.947146,7814.384431,,6708.101702
Peru,PER,GDP per capita (current US$),NY.GDP.PCAP.CD,6229.100674,6204.996457,6710.507602,6958.497262,7023.077526,,6625.235904
South Africa,ZAF,GDP per capita (current US$),NY.GDP.PCAP.CD,6259.839681,5756.965741,6690.939847,7005.095413,6624.761865,,6467.520509
Serbia,SRB,GDP per capita (current US$),NY.GDP.PCAP.CD,5588.980728,5765.200762,6292.543629,7252.401858,7417.203649,,6463.266125
Arab World,ARB,GDP per capita (current US$),NY.GDP.PCAP.CD,6359.900578,6177.227235,6272.949782,6635.381394,6562.969998,,6401.685798
Colombia,COL,GDP per capita (current US$),NY.GDP.PCAP.CD,6175.87603,5870.777957,6376.706716,6729.583332,6418.615783,,6314.311963
Ecuador,ECU,GDP per capita (current US$),NY.GDP.PCAP.CD,6124.490887,6060.092962,6213.503127,6295.934662,6222.524653,,6183.309258
Guyana,GUY,GDP per capita (current US$),NY.GDP.PCAP.CD,5576.825852,5811.397924,6124.95367,6145.819277,6609.51128,,6053.7016
IBRD only,IBD,GDP per capita (current US$),NY.GDP.PCAP.CD,5547.679602,5540.167966,6058.914633,6387.748819,6473.782551,,6001.658714
Belarus,BLR,GDP per capita (current US$),NY.GDP.PCAP.CD,5967.052204,5039.681886,5785.670673,6360.062473,6837.717826,,5998.037012
Fiji,FJI,GDP per capita (current US$),NY.GDP.PCAP.CD,5390.714207,5651.272721,6101.02389,6317.413723,6175.890653,,5927.263039
North Macedonia,MKD,GDP per capita (current US$),NY.GDP.PCAP.CD,4861.553971,5149.589074,5450.492881,6108.740108,6070.388054,,5528.152818
Paraguay,PRY,GDP per capita (current US$),NY.GDP.PCAP.CD,5413.776021,5324.609068,5678.869972,5782.78455,5383.574422,,5516.722806
Bosnia and Herzegovina,BIH,GDP per capita (current US$),NY.GDP.PCAP.CD,4729.690054,4994.971623,5394.26914,6070.35298,6119.762351,,5461.80923
Iraq,IRQ,GDP per capita (current US$),NY.GDP.PCAP.CD,4688.318017,4550.658638,4985.452879,5915.850854,5943.458455,,5216.747769
Middle income,MIC,GDP per capita (current US$),NY.GDP.PCAP.CD,4755.93561,4745.70858,5154.4311,5415.611006,5487.844058,,5111.906071
Jamaica,JAM,GDP per capita (current US$),NY.GDP.PCAP.CD,4907.927415,4843.7499,5070.099503,5359.993789,5369.498371,,5110.253796
Namibia,NAM,GDP per capita (current US$),NY.GDP.PCAP.CD,4896.61526,4546.986688,5367.114674,5588.392864,5028.295342,,5085.480966
"Iran, Islamic Rep.",IRN,GDP per capita (current US$),NY.GDP.PCAP.CD,5200.680787,5755.802448,6032.065127,4046.341864,3514.042168,,4909.786479
Belize,BLZ,GDP per capita (current US$),NY.GDP.PCAP.CD,4805.196852,4877.670506,4909.604664,4927.194224,4983.336114,,4900.600472
IDA & IBRD total,IBT,GDP per capita (current US$),NY.GDP.PCAP.CD,4509.589868,4493.836521,4879.042932,5110.911271,5168.837517,,4832.443622
Low & middle income,LMY,GDP per capita (current US$),NY.GDP.PCAP.CD,4366.051099,4349.147276,4718.39202,4933.697969,4993.619381,,4672.181549
Albania,ALB,GDP per capita (current US$),NY.GDP.PCAP.CD,3952.802538,4124.05539,4531.019374,5287.663694,5396.215864,,4658.351372
Azerbaijan,AZE,GDP per capita (current US$),NY.GDP.PCAP.CD,5500.310382,3880.738731,4147.089716,4739.84171,4805.753718,,4614.746851
Tonga,TON,GDP per capita (current US$),NY.GDP.PCAP.CD,4336.239603,4157.877249,4513.432531,4740.700272,4903.012138,,4530.252359
Georgia,GEO,GDP per capita (current US$),NY.GDP.PCAP.CD,4014.185944,4062.169888,4357.000936,4722.042423,4696.150586,,4370.309955
Guatemala,GTM,GDP per capita (current US$),NY.GDP.PCAP.CD,3994.636913,4173.301666,4454.04815,4478.424646,4638.634943,,4347.809264
Jordan,JOR,GDP per capita (current US$),NY.GDP.PCAP.CD,4164.108769,4175.356602,4231.51828,4308.151074,4405.487109,,4256.924367
Samoa,WSM,GDP per capita (current US$),NY.GDP.PCAP.CD,4073.729083,4109.663296,4258.978675,4187.504787,4322.868416,,4190.548851
Pacific island small states,PSS,GDP per capita (current US$),NY.GDP.PCAP.CD,3832.551181,3965.895179,4222.557375,4340.564704,4271.583766,,4126.630441
Algeria,DZA,GDP per capita (current US$),NY.GDP.PCAP.CD,4177.889542,3946.452447,4109.698217,4142.018558,3989.668276,,4073.145408
Kosovo,XKX,GDP per capita (current US$),NY.GDP.PCAP.CD,3520.766449,3759.560246,4009.380987,4384.048892,4416.108358,,4017.972986
Armenia,ARM,GDP per capita (current US$),NY.GDP.PCAP.CD,3607.289299,3591.828052,3914.527854,4220.540321,4604.646324,,3987.76637
Tuvalu,TUV,GDP per capita (current US$),NY.GDP.PCAP.CD,3316.664522,3706.329903,3978.676452,4156.305128,4652.350846,,3962.06537
Mongolia,MNG,GDP per capita (current US$),NY.GDP.PCAP.CD,3875.321675,3658.3903,3687.100003,4156.84697,4404.84583,,3956.500956
Sri Lanka,LKA,GDP per capita (current US$),NY.GDP.PCAP.CD,3843.780672,3886.291502,4077.043841,4059.20823,3848.212376,,3942.907324
El Salvador,SLV,GDP per capita (current US$),NY.GDP.PCAP.CD,3705.579704,3805.995686,3910.254403,4052.624775,4167.730939,,3928.437101
Eswatini,SWZ,GDP per capita (current US$),NY.GDP.PCAP.CD,3680.349473,3425.531957,3914.418484,4107.094431,3889.851226,,3803.449114
Tunisia,TUN,GDP per capita (current US$),NY.GDP.PCAP.CD,4094.841602,3924.349092,3687.780316,3690.896932,3571.945048,,3793.962598
Middle East & North Africa (IDA & IBRD countries),TMN,GDP per capita (current US$),NY.GDP.PCAP.CD,3939.384091,3968.09362,3867.06706,3605.440104,3573.155702,,3790.628115
Middle East & North Africa (excluding high income),MNA,GDP per capita (current US$),NY.GDP.PCAP.CD,3931.556278,3962.898791,3864.148677,3604.925763,3574.162674,,3787.538436
Indonesia,IDN,GDP per capita (current US$),NY.GDP.PCAP.CD,3331.695115,3562.816334,3837.578024,3893.859578,4135.233344,,3752.236479
Marshall Islands,MHL,GDP per capita (current US$),NY.GDP.PCAP.CD,3199.886846,3490.998389,3672.576783,3793.550983,4073.10983,,3646.024566
Moldova,MDA,GDP per capita (current US$),NY.GDP.PCAP.CD,2732.46073,2880.43529,3509.686829,4230.626969,4492.10574,,3569.063111
West Bank and Gaza,PSE,GDP per capita (current US$),NY.GDP.PCAP.CD,3272.154324,3527.613824,3620.360487,3562.330943,3656.858271,,3527.86357
Early-demographic dividend,EAR,GDP per capita (current US$),NY.GDP.PCAP.CD,3244.237034,3303.710575,3521.381645,3509.754222,3538.833413,,3423.583378
Cabo Verde,CPV,GDP per capita (current US$),NY.GDP.PCAP.CD,3043.031382,3131.017598,3292.633503,3616.460666,3603.775241,,3337.383678
Bolivia,BOL,GDP per capita (current US$),NY.GDP.PCAP.CD,3035.971655,3076.656439,3351.124344,3548.59078,3552.068144,,3312.882273
"Micronesia, Fed. Sts.",FSM,GDP per capita (current US$),NY.GDP.PCAP.CD,2906.617012,3014.700358,3289.642117,3568.291016,3624.249092,,3280.699919
Philippines,PHL,GDP per capita (current US$),NY.GDP.PCAP.CD,3001.043182,3073.654686,3123.245642,3252.110274,3485.340844,,3187.078925
Bhutan,BTN,GDP per capita (current US$),NY.GDP.PCAP.CD,2752.630172,2930.574923,3286.596744,3243.477437,3322.863329,,3107.228521
Morocco,MAR,GDP per capita (current US$),NY.GDP.PCAP.CD,2875.258057,2896.722168,3035.454346,3226.98291,3235.000732,,3053.883643
"Egypt, Arab Rep.",EGY,GDP per capita (current US$),NY.GDP.PCAP.CD,3562.932658,3519.87324,2444.290387,2537.125185,3019.092283,,3016.662751
Vietnam,VNM,GDP per capita (current US$),NY.GDP.PCAP.CD,2581.622442,2745.565588,2974.117229,3230.927713,3425.089253,,2991.464445
Vanuatu,VUT,GDP per capita (current US$),NY.GDP.PCAP.CD,2695.666186,2805.66532,3082.540055,3125.436014,3122.982599,,2966.458035
Djibouti,DJI,GDP per capita (current US$),NY.GDP.PCAP.CD,2652.513228,2803.689125,2926.153304,3038.269738,3172.750685,,2918.675216
Ukraine,UKR,GDP per capita (current US$),NY.GDP.PCAP.CD,2124.662354,2187.730469,2638.326172,3096.561768,3661.456299,,2741.747412
Papua New Guinea,PNG,GDP per capita (current US$),NY.GDP.PCAP.CD,2679.346579,2509.629637,2695.249009,2801.371393,2820.306397,,2701.180603
Honduras,HND,GDP per capita (current US$),NY.GDP.PCAP.CD,2302.204411,2342.584904,2453.727115,2510.322943,2574.356751,,2436.639225
Lao PDR,LAO,GDP per capita (current US$),NY.GDP.PCAP.CD,2140.044323,2324.400917,2455.211559,2569.093892,2613.944427,,2420.539024
Angola,AGO,GDP per capita (current US$),NY.GDP.PCAP.CD,3127.890598,1728.023754,2313.220584,2524.942483,2177.799015,,2374.375287
"Congo, Rep.",COG,GDP per capita (current US$),NY.GDP.PCAP.CD,2448.523778,2051.666176,2170.900563,2606.615526,2369.729441,,2329.487097
Solomon Islands,SLB,GDP per capita (current US$),NY.GDP.PCAP.CD,2167.155394,2225.475204,2332.898555,2411.897904,2344.048976,,2296.295207
Lower middle income,LMC,GDP per capita (current US$),NY.GDP.PCAP.CD,2109.3345,2193.471208,2322.906883,2335.303125,2411.334922,,2274.470128
Nigeria,NGA,GDP per capita (current US$),NY.GDP.PCAP.CD,2687.480056,2176.002772,1968.565398,2027.778549,2229.858652,,2217.937085
Uzbekistan,UZB,GDP per capita (current US$),NY.GDP.PCAP.CD,2753.971072,2704.677188,1916.764642,1597.068337,1784.009816,,2151.298211
Cote d'Ivoire,CIV,GDP per capita (current US$),NY.GDP.PCAP.CD,1972.545683,2013.381448,2111.026557,2314.050958,2276.332394,,2137.467408
Ghana,GHA,GDP per capita (current US$),NY.GDP.PCAP.CD,1774.074771,1971.956935,2074.290733,2260.860567,2246.625578,,2065.561717
Nicaragua,NIC,GDP per capita (current US$),NY.GDP.PCAP.CD,2049.851666,2107.57406,2159.161926,2014.575189,1924.471816,,2051.126931
Sudan,SDN,GDP per capita (current US$),NY.GDP.PCAP.CD,2184.542236,2583.447266,3178.314209,773.5070801,755.3289795,,1895.027954
India,IND,GDP per capita (current US$),NY.GDP.PCAP.CD,1605.605445,1732.554242,1980.66702,1998.259076,2072.244897,,1877.866136
IDA blend,IDB,GDP per capita (current US$),NY.GDP.PCAP.CD,1972.147153,1861.940378,1787.801592,1835.321807,1852.219116,,1861.886009
South Asia,SAS,GDP per capita (current US$),NY.GDP.PCAP.CD,1543.048131,1696.739629,1911.329754,1944.006635,1987.56834,,1816.538498
South Asia (IDA & IBRD),TSA,GDP per capita (current US$),NY.GDP.PCAP.CD,1543.048131,1696.739629,1911.329754,1944.006635,1987.56834,,1816.538498
Sao Tome and Principe,STP,GDP per capita (current US$),NY.GDP.PCAP.CD,1584.775657,1700.097997,1813.807434,1953.513257,1987.579702,,1807.954809
Bangladesh,BGD,GDP per capita (current US$),NY.GDP.PCAP.CD,1248.45331,1678.95323,1839.583378,1991.483267,2154.226819,,1782.540001
Fragile and conflict affected situations,FCS,GDP per capita (current US$),NY.GDP.PCAP.CD,1884.473311,1709.943472,1754.843556,1742.490898,1797.209467,,1777.792141
Africa Western and Central,AFW,GDP per capita (current US$),NY.GDP.PCAP.CD,1894.322115,1673.843681,1613.490478,1704.135698,1777.852822,,1732.728959
Kenya,KEN,GDP per capita (current US$),NY.GDP.PCAP.CD,1464.554009,1525.235192,1633.491216,1794.091175,1909.304537,,1665.335226
Sub-Saharan Africa,SSF,GDP per capita (current US$),NY.GDP.PCAP.CD,1692.674294,1538.244417,1622.982614,1606.863419,1618.920771,,1615.937103
Sub-Saharan Africa (IDA & IBRD countries),TSS,GDP per capita (current US$),NY.GDP.PCAP.CD,1692.674294,1538.244417,1622.982614,1606.863419,1618.920771,,1615.937103
Sub-Saharan Africa (excluding high income),SSA,GDP per capita (current US$),NY.GDP.PCAP.CD,1691.410566,1536.929331,1621.632341,1605.490023,1617.541932,,1614.600839
Mauritania,MRT,GDP per capita (current US$),NY.GDP.PCAP.CD,1524.073317,1536.855615,1587.858904,1669.773476,1743.301317,,1612.372526
Kiribati,KIR,GDP per capita (current US$),NY.GDP.PCAP.CD,1535.162783,1586.344978,1648.594957,1693.950155,1512.95277,,1595.401128
Pakistan,PAK,GDP per capita (current US$),NY.GDP.PCAP.CD,1356.667831,1540.184503,1631.531909,1678.04315,1481.813864,,1537.648252
Africa Eastern and Southern,AFE,GDP per capita (current US$),NY.GDP.PCAP.CD,1556.316469,1446.533624,1629.404273,1541.031661,1511.309259,,1536.919057
Cameroon,CMR,GDP per capita (current US$),NY.GDP.PCAP.CD,1382.50979,1413.255957,1469.4475,1585.240534,1533.095688,,1476.709894
Pre-demographic dividend,PRE,GDP per capita (current US$),NY.GDP.PCAP.CD,1563.731184,1396.061296,1446.507196,1438.529516,1474.823822,,1463.930603
Zambia,ZMB,GDP per capita (current US$),NY.GDP.PCAP.CD,1338.290927,1280.806543,1535.196574,1516.368371,1305.001031,,1395.132689
Cambodia,KHM,GDP per capita (current US$),NY.GDP.PCAP.CD,1162.904995,1269.591499,1385.260066,1512.126989,1643.121389,,1394.600988
Haiti,HTI,GDP per capita (current US$),NY.GDP.PCAP.CD,1386.854191,1290.380508,1369.063734,1479.345827,1312.770636,,1367.682979
IDA total,IDA,GDP per capita (current US$),NY.GDP.PCAP.CD,1342.999404,1342.913778,1372.988159,1369.260457,1399.11567,,1365.455494
Timor-Leste,TLS,GDP per capita (current US$),NY.GDP.PCAP.CD,1332.791856,1353.754934,1299.494635,1249.138351,1583.713576,,1363.77867
Senegal,SEN,GDP per capita (current US$),NY.GDP.PCAP.CD,1219.249415,1269.903294,1361.701972,1458.081584,1435.830367,,1348.953326
Zimbabwe,ZWE,GDP per capita (current US$),NY.GDP.PCAP.CD,1445.069702,1464.588957,1235.189032,1254.642265,1316.740657,,1343.246123
Comoros,COM,GDP per capita (current US$),NY.GDP.PCAP.CD,1242.585608,1273.050952,1323.814843,1428.290463,1404.433187,,1334.435011
Kyrgyz Republic,KGZ,GDP per capita (current US$),NY.GDP.PCAP.CD,1121.082835,1120.666513,1242.769643,1308.140165,1374.032105,,1233.338252
Myanmar,MMR,GDP per capita (current US$),NY.GDP.PCAP.CD,1196.743333,1136.610627,1151.114464,1250.173685,1271.111536,,1201.150729
Benin,BEN,GDP per capita (current US$),NY.GDP.PCAP.CD,1076.796698,1087.287331,1136.593872,1241.825298,1219.515506,,1152.403741
Lesotho,LSO,GDP per capita (current US$),NY.GDP.PCAP.CD,1146.064688,1018.784872,1102.629728,1192.48432,1153.388058,,1122.670333
South Sudan,SSD,GDP per capita (current US$),NY.GDP.PCAP.CD,1119.651437,,,,,,1119.651437
IDA only,IDX,GDP per capita (current US$),NY.GDP.PCAP.CD,1024.886105,1080.258622,1162.971829,1133.259641,1169.69953,,1114.215145
Least developed countries: UN classification,LDC,GDP per capita (current US$),NY.GDP.PCAP.CD,1009.424564,1025.998979,1119.433811,1077.493342,1105.717065,,1067.613552
"Yemen, Rep.",YEM,GDP per capita (current US$),NY.GDP.PCAP.CD,1601.807163,1152.738019,964.3403436,758.1459489,750.5545834,,1045.517212
Nepal,NPL,GDP per capita (current US$),NY.GDP.PCAP.CD,901.7496077,899.523581,1048.453755,1178.525957,1194.957236,,1044.642027
Tanzania,TZA,GDP per capita (current US$),NY.GDP.PCAP.CD,947.9333496,966.5029907,1004.906616,1042.838745,1085.884888,,1009.613318
Heavily indebted poor countries (HIPC),HPC,GDP per capita (current US$),NY.GDP.PCAP.CD,965.7695501,987.1093103,1065.40861,987.1739045,994.8982809,,1000.071931
Syrian Arab Republic,SYR,GDP per capita (current US$),NY.GDP.PCAP.CD,979.1444387,713.029204,955.836559,1265.60619,,,978.404098
Tajikistan,TJK,GDP per capita (current US$),NY.GDP.PCAP.CD,978.4049812,807.1025861,848.6723799,853.2188734,890.5444024,,875.5886446
Guinea,GIN,GDP per capita (current US$),NY.GDP.PCAP.CD,769.2554754,732.2915119,855.5752706,955.1112811,1052.588091,,872.964326
Mali,MLI,GDP per capita (current US$),NY.GDP.PCAP.CD,751.4728892,780.7235497,830.0214445,894.8048435,879.0431675,,827.2131789
Togo,TGO,GDP per capita (current US$),NY.GDP.PCAP.CD,570.9099672,803.1518934,830.7452767,901.5230169,893.3524541,,799.9365217
Uganda,UGA,GDP per capita (current US$),NY.GDP.PCAP.CD,847.2676289,736.5598474,746.8307529,770.6007843,798.5857341,,779.9689496
Rwanda,RWA,GDP per capita (current US$),NY.GDP.PCAP.CD,751.1105055,744.7943858,772.2948846,783.8127901,820.1772393,,774.4379611
Low income,LIC,GDP per capita (current US$),NY.GDP.PCAP.CD,791.7100264,764.7048854,834.4908817,699.4114352,720.474279,,762.1583015
Ethiopia,ETH,GDP per capita (current US$),NY.GDP.PCAP.CD,640.5419231,717.1248698,768.5230154,771.5248663,855.7608852,,750.695112
Burkina Faso,BFA,GDP per capita (current US$),NY.GDP.PCAP.CD,653.3272681,688.2506963,734.996268,804.5005378,796.1152068,,735.4379954
Chad,TCD,GDP per capita (current US$),NY.GDP.PCAP.CD,776.0197523,693.4497674,665.9488849,726.1510071,709.5400432,,714.221891
Liberia,LBR,GDP per capita (current US$),NY.GDP.PCAP.CD,721.5810505,740.914906,721.085044,710.2659984,672.3404992,,713.2374996
Guinea-Bissau,GNB,GDP per capita (current US$),NY.GDP.PCAP.CD,603.3993815,661.4578387,738.5499449,802.7673851,749.453747,,711.1256595
"Gambia, The",GMB,GDP per capita (current US$),NY.GDP.PCAP.CD,660.7235712,690.7804932,679.7550717,732.7207273,772.5055883,,707.2970903
Sierra Leone,SLE,GDP per capita (current US$),NY.GDP.PCAP.CD,588.2288628,501.4151655,496.6822949,533.9915333,521.7548367,,528.4145386
Niger,NER,GDP per capita (current US$),NY.GDP.PCAP.CD,484.1531374,500.2149113,517.7715723,570.723922,554.0993893,,525.3925864
"Congo, Dem. Rep.",COD,GDP per capita (current US$),NY.GDP.PCAP.CD,497.3170391,471.3188225,467.0742317,565.8295429,596.5605701,,519.6200413
Afghanistan,AFG,GDP per capita (current US$),NY.GDP.PCAP.CD,556.0072209,512.0127781,516.6798622,485.6684187,494.1793499,,512.909526
Madagascar,MDG,GDP per capita (current US$),NY.GDP.PCAP.CD,467.2354316,475.9555568,515.2933234,518.401123,526.2245722,,500.6220014
Mozambique,MOZ,GDP per capita (current US$),NY.GDP.PCAP.CD,589.8594314,428.9264503,461.4149278,503.3020092,506.8171391,,498.0639916
Malawi,MWI,GDP per capita (current US$),NY.GDP.PCAP.CD,380.5969877,315.7779871,506.1372944,544.5934593,591.8470837,,467.7905624
Central African Republic,CAF,GDP per capita (current US$),NY.GDP.PCAP.CD,377.4229177,402.1916451,450.900697,475.9538139,468.1175148,,434.9173177
Somalia,SOM,GDP per capita (current US$),NY.GDP.PCAP.CD,386.437817,389.8220615,384.4634014,389.8313955,419.3948077,,393.9898966
Burundi,BDI,GDP per capita (current US$),NY.GDP.PCAP.CD,305.5111441,251.6514772,250.5146007,238.0343096,223.8628757,,253.9148815